product_id,product_name,category,subcategory,price,cost,brand,stock_quantity,created_date
1,Ameliorated upward-trending contingency Laptops,Electronics,Laptops,1095.23,694.23,"Jacobs, Carr and Morgan",56,2022-11-11
2,Enterprise-wide 5thgeneration functionalities Accessories,Electronics,Accessories,301.97,169.69,Clark Group,486,2022-01-11
3,User-friendly fault-tolerant Local Area Network Smartphones,Electronics,Smartphones,1571.85,785.9,"Wu, Knapp and Evans",180,2022-10-11
4,Fundamental intermediate hub Smartphones,Electronics,Smartphones,1061.37,539.84,Brock-Krause,101,2022-03-22
5,Adaptive leadingedge standardization Audio,Electronics,Audio,1726.46,809.37,"Henderson, Castillo and Davis",410,2022-03-24
6,Cloned tangible algorithm Accessories,Electronics,Accessories,856.12,484.47,Henry Inc,127,2022-01-07
7,Cross-group interactive definition Smartphones,Electronics,Smartphones,1522.49,849.5,"Simmons, Ewing and Wood",256,2022-07-23
8,Reverse-engineered background definition Smartphones,Electronics,Smartphones,356.04,174.62,"Roth, Davidson and Riggs",117,2022-11-20
9,Devolved global Internet solution Smartphones,Electronics,Smartphones,581.29,254.08,Harmon Ltd,401,2022-07-13
10,Streamlined leadingedge Graphic Interface Audio,Electronics,Audio,305.83,190.27,"Herrera, Johnson and Donaldson",138,2022-02-13
11,Switchable explicit standardization Smartphones,Electronics,Smartphones,1033.79,631.69,"Grant, Blair and Vega",375,2022-08-01
12,Triple-buffered content-based circuit Smartphones,Electronics,Smartphones,1498.17,842.73,Delgado Group,470,2022-03-19
13,Automated zero administration pricing structure Audio,Electronics,Audio,428.85,249.47,Underwood-Schmidt,159,2022-06-15
14,Front-line bi-directional firmware Smartphones,Electronics,Smartphones,639.2,343.68,Roberts LLC,51,2022-05-16
15,Distributed mobile customer loyalty Audio,Electronics,Audio,784.33,414.8,"Smith, Graham and Carr",113,2022-07-28
16,Face-to-face grid-enabled help-desk Accessories,Electronics,Accessories,992.53,667.28,Hendricks-Taylor,273,2022-09-17
17,De-engineered reciprocal budgetary management Audio,Electronics,Audio,83.56,45.88,Anderson-Jackson,201,2022-07-10
18,Operative directional attitude Smartphones,Electronics,Smartphones,931.93,534.33,Ferguson LLC,12,2022-07-23
19,Universal secondary ability Audio,Electronics,Audio,771.15,438.74,"Brown, Russell and Gamble",329,2022-06-09
20,Optional 24/7 Local Area Network Laptops,Electronics,Laptops,1628.88,1128.4,Stewart PLC,48,2022-10-15
21,De-engineered responsive encryption Laptops,Electronics,Laptops,1736.41,949.72,Ellis Group,127,2022-02-12
22,Enterprise-wide responsive parallelism Audio,Electronics,Audio,1252.15,678.73,Perry-Li,370,2022-10-18
23,Distributed explicit analyzer Smartphones,Electronics,Smartphones,1546.45,735.5,Nielsen PLC,159,2022-06-22
24,Streamlined web-enabled firmware Smartphones,Electronics,Smartphones,676.81,385.51,"Ryan, Martin and Stevens",208,2022-01-03
25,Integrated client-driven knowledge user Laptops,Electronics,Laptops,1522.32,971.86,Lawson LLC,279,2022-09-13
26,Distributed value-added time-frame Laptops,Electronics,Laptops,677.58,415.13,Martin and Sons,263,2022-10-12
27,Focused explicit structure Smartphones,Electronics,Smartphones,880.12,372.51,Allison-Brown,65,2022-01-07
28,Multi-channeled exuding contingency Smartphones,Electronics,Smartphones,374.08,198.74,"Mcpherson, Garcia and Holt",497,2022-02-28
29,Multi-tiered radical forecast Audio,Electronics,Audio,1015.61,597.03,Collier-Buck,268,2022-09-07
30,Fully-configurable foreground support Audio,Electronics,Audio,828.84,405.32,Watkins and Sons,222,2022-05-31
31,Re-engineered client-driven Graphical User Interface Accessories,Electronics,Accessories,1249.45,639.08,"Walker, Thomas and Wall",332,2022-03-26
32,Pre-emptive 3rdgeneration array Accessories,Electronics,Accessories,1070.34,493.79,"Williams, Rios and Davies",314,2023-01-01
33,Object-based intangible database Accessories,Electronics,Accessories,970.61,449.57,"Juarez, Walker and Ware",169,2022-03-11
34,Diverse explicit website Audio,Electronics,Audio,69.15,36.3,Bowen-Cordova,76,2022-08-29
35,Customer-focused uniform budgetary management Smartphones,Electronics,Smartphones,658.09,300.29,"Lozano, Carroll and Cooper",355,2022-02-18
36,De-engineered bi-directional process improvement Audio,Electronics,Audio,695.52,290.96,"Church, Solis and Patterson",239,2022-11-01
37,Future-proofed 4thgeneration architecture Smartphones,Electronics,Smartphones,733.38,416.37,"Delgado, Mendoza and Wells",115,2022-06-26
38,Open-source asynchronous support Smartphones,Electronics,Smartphones,1859.37,896.91,Juarez-Riddle,420,2022-08-07
39,Enterprise-wide methodical help-desk Accessories,Electronics,Accessories,766.19,482.77,"Lopez, Gonzales and Nichols",478,2022-05-11
40,Organized context-sensitive hub Laptops,Electronics,Laptops,201.08,89.63,Klein-Harding,374,2022-04-21
41,User-centric methodical algorithm Laptops,Electronics,Laptops,562.73,242.37,Singh and Sons,408,2022-09-25
42,Switchable 3rdgeneration Graphical User Interface Audio,Electronics,Audio,693.81,438.21,"Hill, Estes and Gardner",303,2022-11-06
43,Programmable stable definition Audio,Electronics,Audio,458.15,183.63,Shaffer PLC,118,2022-04-21
44,Front-line maximized monitoring Laptops,Electronics,Laptops,329.5,178.8,Blake PLC,0,2022-06-15
45,Total didactic model Smartphones,Electronics,Smartphones,317.1,203.63,Bradshaw and Sons,217,2022-12-07
46,Open-architected high-level complexity Accessories,Electronics,Accessories,639.99,401.92,"Herring, Hernandez and Rich",123,2022-10-14
47,Adaptive stable hierarchy Audio,Electronics,Audio,1559.14,954.0,Black PLC,181,2022-06-09
48,Horizontal actuating pricing structure Accessories,Electronics,Accessories,1084.84,721.4,Kelly Inc,431,2022-04-20
49,Face-to-face fault-tolerant policy Accessories,Electronics,Accessories,1437.13,936.96,Campos PLC,286,2022-08-15
50,Fully-configurable responsive benchmark Accessories,Electronics,Accessories,1386.47,786.64,"Cruz, Taylor and Smith",222,2022-11-30
51,Innovative static customer loyalty Laptops,Electronics,Laptops,99.33,50.63,"Powell, Taylor and Gibson",238,2022-12-10
52,Phased clear-thinking knowledge user Audio,Electronics,Audio,466.87,265.15,Nguyen Inc,471,2022-04-08
53,Programmable background monitoring Accessories,Electronics,Accessories,399.06,249.13,Farrell Inc,5,2022-04-11
54,Distributed zero-defect approach Accessories,Electronics,Accessories,1075.71,432.1,Owens-Bennett,158,2022-06-18
55,Team-oriented 4thgeneration hub Accessories,Electronics,Accessories,1835.82,1011.24,Webb Inc,6,2022-11-07
56,Secured full-range alliance Smartphones,Electronics,Smartphones,1312.08,777.41,Hill Ltd,203,2022-01-23
57,Triple-buffered exuding data-warehouse Accessories,Electronics,Accessories,1269.28,877.51,Snyder-Shannon,421,2022-01-16
58,Open-source local process improvement Audio,Electronics,Audio,1006.09,545.34,Stein PLC,447,2022-11-28
59,Assimilated coherent budgetary management Smartphones,Electronics,Smartphones,124.48,50.87,"Wilson, Chan and Gutierrez",457,2023-01-01
60,Universal cohesive ability Laptops,Electronics,Laptops,1748.28,768.36,Rodriguez-Warren,214,2022-03-03
61,Organized even-keeled service-desk Audio,Electronics,Audio,1293.08,541.41,Davenport Group,49,2022-10-06
62,Programmable upward-trending access Laptops,Electronics,Laptops,1327.46,824.67,Thomas-Blake,170,2022-12-11
63,Progressive 24/7 secured line Laptops,Electronics,Laptops,1816.16,1046.21,"Boyle, Johnson and Jenkins",483,2022-07-07
64,User-friendly transitional methodology Smartphones,Electronics,Smartphones,1884.06,981.5,Farrell Ltd,428,2022-12-08
65,Total bottom-line website Smartphones,Electronics,Smartphones,426.23,267.84,Martinez-Gay,75,2022-05-17
66,Adaptive homogeneous interface Laptops,Electronics,Laptops,914.63,441.45,Woodward-Evans,101,2022-12-19
67,Triple-buffered holistic service-desk Audio,Electronics,Audio,387.29,241.69,"Murillo, Brewer and Day",428,2022-01-02
68,Centralized local implementation Accessories,Electronics,Accessories,1143.09,497.6,"Anderson, Jones and Valencia",238,2022-10-18
69,Decentralized contextually-based forecast Audio,Electronics,Audio,221.92,149.89,"Mckay, Jones and Simmons",93,2022-02-14
70,Switchable 24/7 firmware Accessories,Electronics,Accessories,1202.74,829.57,"Galloway, Green and Wells",392,2022-03-28
71,Open-architected intangible interface Laptops,Electronics,Laptops,1293.99,696.3,"Newton, Oneal and Dunn",449,2022-05-07
72,Multi-layered 24hour contingency Laptops,Electronics,Laptops,1507.45,936.78,"Young, Griffin and Delacruz",158,2022-01-28
73,Optimized homogeneous firmware Accessories,Electronics,Accessories,397.11,175.57,"Porter, Wood and Riley",161,2022-07-31
74,Centralized disintermediate neural-net Laptops,Electronics,Laptops,581.96,267.57,Davis-Johnson,151,2022-05-13
75,Total 24/7 application Accessories,Electronics,Accessories,230.2,116.61,Kramer-Cox,186,2022-06-28
76,Sharable explicit core Audio,Electronics,Audio,1667.53,1010.71,"Skinner, Hunt and Best",87,2022-01-19
77,Profit-focused stable Graphic Interface Audio,Electronics,Audio,353.62,201.78,"Fuentes, Scott and Powell",359,2022-08-11
78,Synchronized solution-oriented instruction set Accessories,Electronics,Accessories,454.52,277.21,"Hammond, Rose and Lester",257,2022-10-10
79,Horizontal client-driven Local Area Network Smartphones,Electronics,Smartphones,1050.88,486.79,Peterson-Wilson,111,2022-08-28
80,Adaptive radical task-force Smartphones,Electronics,Smartphones,1847.74,1025.7,"Palmer, Campbell and Chavez",323,2022-04-06
81,Fundamental 24/7 strategy Laptops,Electronics,Laptops,961.13,477.58,Burgess-Francis,288,2022-07-13
82,Total intermediate function Smartphones,Electronics,Smartphones,678.63,292.75,Perez LLC,183,2022-01-05
83,Focused exuding service-desk Audio,Electronics,Audio,977.22,489.59,Gonzalez-Stevens,462,2022-02-21
84,Enhanced stable utilization Accessories,Electronics,Accessories,647.24,349.54,Osborne Ltd,95,2022-01-12
85,Customer-focused even-keeled portal Audio,Electronics,Audio,1207.47,734.56,Williams Inc,374,2022-07-24
86,Realigned client-server matrix Laptops,Electronics,Laptops,542.52,277.75,"Lawson, Mckinney and Hunt",172,2022-09-05
87,Fully-configurable 3rdgeneration algorithm Accessories,Electronics,Accessories,128.25,87.04,Reeves-Jones,119,2022-09-17
88,Enterprise-wide regional definition Audio,Electronics,Audio,880.49,423.35,Norman-Salazar,295,2022-07-25
89,Polarized real-time algorithm Smartphones,Electronics,Smartphones,369.85,166.4,Davis Inc,153,2022-11-02
90,Advanced maximized moderator Laptops,Electronics,Laptops,1905.41,1086.84,"Bentley, Montoya and Watson",71,2022-03-08
91,Adaptive radical definition Smartphones,Electronics,Smartphones,1942.13,957.05,"Ramirez, Walters and Hartman",392,2022-03-14
92,Monitored actuating functionalities Audio,Electronics,Audio,822.19,442.48,"Roberts, Jenkins and Johnson",337,2022-03-17
93,Distributed incremental hub Laptops,Electronics,Laptops,637.5,270.37,Choi Inc,120,2022-04-15
94,Diverse optimizing frame Smartphones,Electronics,Smartphones,1462.06,652.43,Sullivan Ltd,284,2022-07-11
95,Pre-emptive disintermediate time-frame Audio,Electronics,Audio,360.69,155.09,Rivera and Sons,281,2022-12-18
96,Managed needs-based budgetary management Laptops,Electronics,Laptops,1830.02,1098.98,Baker and Sons,425,2022-08-26
97,Multi-tiered directional definition Smartphones,Electronics,Smartphones,805.77,399.26,Hurley Inc,478,2022-03-10
98,Multi-channeled solution-oriented customer loyalty Accessories,Electronics,Accessories,1801.14,1163.42,Patrick-Rogers,373,2022-08-06
99,Organic uniform definition Audio,Electronics,Audio,1091.52,550.19,Stuart-Tucker,342,2022-10-28
100,Re-contextualized asynchronous function Laptops,Electronics,Laptops,1776.9,805.73,"Contreras, Church and Jones",120,2022-07-08
101,Streamlined interactive toolset Accessories,Electronics,Accessories,1027.84,411.63,"Franco, Brown and Spencer",306,2022-07-23
102,Programmable value-added support Laptops,Electronics,Laptops,319.26,145.71,Brown-Beck,108,2022-06-04
103,Fundamental coherent groupware Smartphones,Electronics,Smartphones,712.19,424.62,Russell-Bishop,217,2022-03-19
104,Automated actuating instruction set Accessories,Electronics,Accessories,804.29,519.88,Williams-Mendoza,17,2022-05-14
105,Secured upward-trending software Laptops,Electronics,Laptops,368.91,223.08,Cobb-Coleman,427,2022-02-24
106,Right-sized composite moratorium Smartphones,Electronics,Smartphones,725.26,449.52,Burke Group,335,2022-07-27
107,Synergized foreground website Laptops,Electronics,Laptops,672.1,384.71,"Murillo, Mitchell and Bentley",196,2022-12-18
108,Streamlined object-oriented forecast Smartphones,Electronics,Smartphones,997.97,686.58,Wright-Williams,205,2022-08-05
109,Proactive disintermediate encryption Accessories,Electronics,Accessories,878.71,547.1,Watson-Myers,59,2022-11-06
110,Front-line executive policy Accessories,Electronics,Accessories,1572.96,965.18,"Gomez, Alvarado and Cortez",432,2022-10-01
111,Self-enabling asymmetric core Smartphones,Electronics,Smartphones,1581.71,1098.06,Adams LLC,272,2022-07-16
112,Configurable static moderator Laptops,Electronics,Laptops,63.57,43.51,"Jones, Mercado and Phelps",362,2022-10-30
113,Team-oriented reciprocal open system Laptops,Electronics,Laptops,1054.05,615.94,Dunlap-Brooks,446,2022-08-21
114,Multi-layered 24/7 knowledge user Smartphones,Electronics,Smartphones,956.29,393.95,"Anderson, Coffey and Lambert",444,2022-09-08
115,Synergized foreground definition Accessories,Electronics,Accessories,147.64,85.6,Pineda LLC,189,2022-05-10
116,Switchable bandwidth-monitored info-mediaries Accessories,Electronics,Accessories,1366.24,860.8,"Wilson, Lindsey and Smith",12,2022-10-05
117,Down-sized reciprocal infrastructure Laptops,Electronics,Laptops,621.82,326.53,Fuller Group,228,2022-06-16
118,Balanced holistic budgetary management Smartphones,Electronics,Smartphones,1211.77,614.58,Adams-Morris,18,2022-09-30
119,Switchable bottom-line architecture Laptops,Electronics,Laptops,391.71,219.55,Watts Group,64,2022-03-16
120,De-engineered zero-defect firmware Audio,Electronics,Audio,890.65,429.66,Martin-Lopez,497,2022-08-23
121,Advanced heuristic Graphic Interface Laptops,Electronics,Laptops,1841.61,1235.86,"Ramirez, Stewart and Alexander",477,2022-09-26
122,Persevering zero tolerance capability Audio,Electronics,Audio,129.25,64.36,Sanchez-Villa,19,2022-03-17
123,Open-source systemic open architecture Smartphones,Electronics,Smartphones,794.73,551.61,"Rodriguez, Lane and Munoz",40,2022-06-22
124,Advanced tertiary emulation Accessories,Electronics,Accessories,873.93,355.44,Ferguson and Sons,486,2022-05-12
125,Seamless reciprocal attitude Smartphones,Electronics,Smartphones,1681.86,891.44,Gonzalez PLC,59,2022-04-09
126,Grass-roots directional definition Shoes,Fashion,Shoes,298.55,174.55,Jackson-Anderson,276,2022-05-05
127,De-engineered tertiary benchmark Shoes,Fashion,Shoes,178.4,82.88,"Conner, Blackburn and Garcia",478,2022-08-12
128,Polarized systemic artificial intelligence Women Clothing,Fashion,Women Clothing,93.9,56.47,Williams-Guzman,309,2022-07-24
129,Organic heuristic Graphical User Interface Shoes,Fashion,Shoes,92.71,48.41,Livingston-Gilmore,9,2022-08-01
130,Switchable modular functionalities Women Clothing,Fashion,Women Clothing,93.31,50.27,Mcclure-Jimenez,404,2022-11-22
131,Public-key contextually-based methodology Men Clothing,Fashion,Men Clothing,78.08,31.66,Tucker Group,166,2022-04-24
132,Future-proofed fresh-thinking solution Shoes,Fashion,Shoes,222.53,129.69,Maxwell-King,235,2022-10-29
133,Streamlined dynamic infrastructure Shoes,Fashion,Shoes,169.32,91.89,"Anderson, Adams and Smith",285,2022-01-07
134,Reactive real-time array Shoes,Fashion,Shoes,106.1,68.62,"Boyd, Stout and Carr",77,2022-08-25
135,Reduced local flexibility Women Clothing,Fashion,Women Clothing,166.69,75.18,Mullen-Gutierrez,199,2022-05-11
136,Synchronized object-oriented strategy Men Clothing,Fashion,Men Clothing,203.3,116.16,Santana Inc,40,2022-11-20
137,Horizontal optimal implementation Shoes,Fashion,Shoes,38.68,24.15,"Pittman, Mullins and Ali",271,2022-07-09
138,Devolved well-modulated moratorium Shoes,Fashion,Shoes,228.99,122.61,"Young, Giles and Roach",239,2022-01-16
139,Total bifurcated circuit Women Clothing,Fashion,Women Clothing,192.92,109.86,"Rogers, Ward and Quinn",212,2022-01-12
140,Open-source optimal database Bags,Fashion,Bags,297.06,152.27,Osborn-Li,275,2022-03-09
141,Focused background matrix Men Clothing,Fashion,Men Clothing,42.64,19.85,"Larsen, Olsen and Watts",56,2022-10-20
142,Reverse-engineered static orchestration Women Clothing,Fashion,Women Clothing,261.49,164.76,"Thompson, Alexander and Green",376,2022-07-25
143,Intuitive hybrid projection Bags,Fashion,Bags,115.33,53.67,Young-Welch,461,2022-11-03
144,Digitized next generation alliance Shoes,Fashion,Shoes,234.59,138.19,"Sanders, Brown and Costa",340,2022-12-18
145,Polarized client-server implementation Shoes,Fashion,Shoes,158.16,88.53,Mason-Martinez,115,2022-07-26
146,Multi-channeled 4thgeneration array Bags,Fashion,Bags,96.59,65.43,Jacobs Ltd,80,2022-04-01
147,Multi-tiered 5thgeneration paradigm Shoes,Fashion,Shoes,15.95,10.35,Barnes and Sons,390,2022-08-26
148,Operative cohesive service-desk Women Clothing,Fashion,Women Clothing,209.76,90.09,Wall and Sons,297,2022-12-01
149,Future-proofed value-added framework Bags,Fashion,Bags,131.93,77.96,"Rodriguez, Hall and White",316,2022-04-25
150,Reactive contextually-based throughput Men Clothing,Fashion,Men Clothing,185.88,115.18,Smith-Simmons,484,2022-01-12
151,Monitored methodical Internet solution Women Clothing,Fashion,Women Clothing,62.44,36.69,"Cox, Stewart and Turner",350,2022-02-16
152,Fundamental well-modulated Internet solution Men Clothing,Fashion,Men Clothing,226.75,150.8,Porter PLC,334,2022-07-19
153,Synchronized eco-centric open architecture Women Clothing,Fashion,Women Clothing,257.34,115.39,"Hall, Davies and Stewart",188,2022-05-03
154,Centralized mission-critical archive Bags,Fashion,Bags,282.09,190.81,Davis-Garcia,165,2022-03-09
155,Optional even-keeled workforce Men Clothing,Fashion,Men Clothing,269.92,124.73,Velasquez Inc,236,2022-08-24
156,Inverse neutral algorithm Bags,Fashion,Bags,297.07,189.84,Perry-Dillon,498,2022-08-25
157,User-friendly uniform methodology Men Clothing,Fashion,Men Clothing,244.05,158.97,Jones-Roberts,446,2022-03-23
158,Operative interactive hub Bags,Fashion,Bags,220.78,92.94,"Martinez, Hernandez and Martinez",383,2022-01-17
159,Multi-lateral interactive extranet Bags,Fashion,Bags,260.72,109.79,"Nguyen, Berry and Davis",213,2022-05-14
160,Up-sized next generation service-desk Men Clothing,Fashion,Men Clothing,219.0,127.48,"Christian, Lopez and Butler",273,2023-01-01
161,Persevering bifurcated access Bags,Fashion,Bags,152.03,93.93,Rodriguez-Forbes,149,2022-07-23
162,Innovative needs-based knowledge user Shoes,Fashion,Shoes,128.84,87.38,"Clark, Zhang and Baker",322,2022-11-29
163,Profit-focused maximized adapter Bags,Fashion,Bags,239.42,103.21,"Brown, Hall and Anderson",433,2022-05-15
164,Multi-channeled stable definition Men Clothing,Fashion,Men Clothing,220.77,112.58,Duffy-Cabrera,336,2022-06-23
165,Profit-focused full-range capacity Women Clothing,Fashion,Women Clothing,241.73,111.93,"Yoder, Ramirez and Gray",49,2022-06-18
166,Stand-alone full-range access Men Clothing,Fashion,Men Clothing,145.6,89.21,"Hill, Cross and Middleton",385,2022-05-06
167,Switchable well-modulated circuit Shoes,Fashion,Shoes,99.16,52.89,"Hernandez, Wilson and Ross",403,2022-08-19
168,Quality-focused bandwidth-monitored standardization Shoes,Fashion,Shoes,184.41,115.88,Bishop and Sons,75,2022-09-25
169,Optimized neutral monitoring Men Clothing,Fashion,Men Clothing,77.99,39.87,Brown Inc,185,2023-01-01
170,Ameliorated system-worthy installation Shoes,Fashion,Shoes,284.27,127.21,Hernandez-Huerta,324,2022-06-06
171,Fully-configurable maximized Local Area Network Bags,Fashion,Bags,206.88,92.34,Jones and Sons,412,2022-12-22
172,User-centric bifurcated task-force Women Clothing,Fashion,Women Clothing,188.12,123.73,Martin Ltd,131,2022-11-23
173,Multi-channeled fault-tolerant challenge Men Clothing,Fashion,Men Clothing,257.51,148.06,"Nunez, Nguyen and Palmer",75,2022-10-27
174,Polarized 6thgeneration hub Shoes,Fashion,Shoes,118.79,65.64,Williamson and Sons,445,2022-09-22
175,Multi-lateral tangible service-desk Bags,Fashion,Bags,191.26,86.28,Anderson and Sons,176,2022-11-26
176,Multi-channeled fresh-thinking protocol Shoes,Fashion,Shoes,164.15,84.27,Williams LLC,474,2022-09-06
177,Phased even-keeled capacity Women Clothing,Fashion,Women Clothing,263.17,143.33,"Tran, Turner and Murray",247,2022-07-14
178,Open-architected bandwidth-monitored software Men Clothing,Fashion,Men Clothing,112.57,55.47,"Carrillo, Mitchell and Dixon",114,2022-03-18
179,Visionary solution-oriented pricing structure Men Clothing,Fashion,Men Clothing,200.25,101.52,"Acevedo, Bolton and Hernandez",235,2022-10-19
180,Realigned transitional middleware Men Clothing,Fashion,Men Clothing,254.39,166.3,"Mckinney, Obrien and Keller",400,2022-09-26
181,Seamless needs-based benchmark Women Clothing,Fashion,Women Clothing,118.61,48.61,"Dunn, Trujillo and Evans",320,2022-02-20
182,Automated discrete process improvement Men Clothing,Fashion,Men Clothing,92.37,63.6,Silva-Whitney,433,2022-10-03
183,Quality-focused radical core Men Clothing,Fashion,Men Clothing,142.29,79.24,Solis PLC,125,2022-05-12
184,Object-based systemic framework Women Clothing,Fashion,Women Clothing,80.08,49.27,"Miller, Nguyen and Stone",90,2022-01-21
185,Front-line holistic capability Shoes,Fashion,Shoes,172.31,73.65,Sanders-Stevens,97,2022-02-02
186,Optimized exuding complexity Shoes,Fashion,Shoes,32.35,15.15,Gardner-Moreno,299,2022-10-25
187,Cross-group radical support Bags,Fashion,Bags,43.01,28.58,"Parks, Gardner and Bailey",26,2022-06-13
188,Profit-focused national toolset Men Clothing,Fashion,Men Clothing,70.98,30.87,"Barron, Williams and Davenport",42,2022-09-01
189,Total mission-critical core Men Clothing,Fashion,Men Clothing,169.58,78.77,"Anderson, Payne and Peters",249,2022-06-03
190,Cross-group multi-state framework Men Clothing,Fashion,Men Clothing,180.79,119.02,Townsend LLC,57,2022-08-15
191,Profound grid-enabled paradigm Women Clothing,Fashion,Women Clothing,182.85,107.97,Duffy Group,386,2022-08-22
192,Ergonomic heuristic adapter Shoes,Fashion,Shoes,230.05,133.52,Calderon-Reese,252,2022-11-20
193,Intuitive static methodology Shoes,Fashion,Shoes,159.58,88.45,Allen Inc,487,2022-11-27
194,Operative disintermediate knowledge user Shoes,Fashion,Shoes,262.17,124.45,Lopez-Hanson,140,2022-12-14
195,Multi-layered reciprocal migration Shoes,Fashion,Shoes,193.39,83.82,Velez and Sons,387,2022-04-04
196,Total zero tolerance interface Men Clothing,Fashion,Men Clothing,105.97,73.36,"Garcia, Barber and Rodriguez",240,2022-09-11
197,Expanded optimal emulation Women Clothing,Fashion,Women Clothing,33.68,17.84,Johnson Ltd,155,2022-02-18
198,Universal neutral artificial intelligence Shoes,Fashion,Shoes,196.8,110.52,Mccann Inc,93,2022-04-10
199,Switchable holistic function Women Clothing,Fashion,Women Clothing,75.77,41.71,Freeman Group,163,2022-09-29
200,Virtual 6thgeneration contingency Men Clothing,Fashion,Men Clothing,210.15,142.54,"Tran, Taylor and Williams",107,2022-10-20
201,Public-key high-level orchestration Shoes,Fashion,Shoes,59.57,37.52,"Carter, Wilson and Hall",402,2022-03-29
202,Cloned bottom-line Graphical User Interface Women Clothing,Fashion,Women Clothing,107.82,59.83,"Velazquez, Brown and Miller",242,2022-12-01
203,Digitized demand-driven knowledgebase Bags,Fashion,Bags,237.23,114.06,Russell Inc,477,2022-05-15
204,Quality-focused optimal Local Area Network Shoes,Fashion,Shoes,120.68,59.36,Campbell Group,372,2022-07-01
205,Grass-roots high-level data-warehouse Bags,Fashion,Bags,102.78,58.48,Petersen-Meyers,390,2022-08-02
206,Intuitive real-time budgetary management Bags,Fashion,Bags,30.76,16.08,Moore LLC,330,2022-03-13
207,Polarized optimal initiative Shoes,Fashion,Shoes,20.55,12.56,Caldwell Group,106,2022-12-05
208,Configurable multi-state forecast Shoes,Fashion,Shoes,252.28,102.7,Hill-Williams,218,2022-07-15
209,Public-key maximized conglomeration Women Clothing,Fashion,Women Clothing,242.28,141.8,"Allison, Ferrell and Roberts",225,2022-05-21
210,Automated grid-enabled info-mediaries Men Clothing,Fashion,Men Clothing,84.29,41.95,"Howell, Smith and Beck",245,2022-10-31
211,Inverse user-facing workforce Men Clothing,Fashion,Men Clothing,237.65,122.87,Cummings LLC,491,2022-12-28
212,Digitized leadingedge complexity Women Clothing,Fashion,Women Clothing,94.84,55.2,Long Group,192,2022-01-31
213,Universal optimal website Men Clothing,Fashion,Men Clothing,197.29,95.25,"Lawrence, Hughes and Green",189,2022-08-13
214,Upgradable holistic access Men Clothing,Fashion,Men Clothing,149.47,99.29,Lee-Bennett,37,2022-06-16
215,Horizontal disintermediate access Women Clothing,Fashion,Women Clothing,264.08,152.36,Salinas-Johnson,293,2022-04-13
216,Monitored next generation paradigm Men Clothing,Fashion,Men Clothing,139.9,69.72,Smith-Johnson,279,2022-12-05
217,Face-to-face interactive analyzer Shoes,Fashion,Shoes,211.53,93.53,"Cox, Huber and Snyder",394,2022-02-04
218,Visionary encompassing application Shoes,Fashion,Shoes,272.95,145.69,Weaver-Myers,452,2022-04-20
219,Organic web-enabled matrices Shoes,Fashion,Shoes,148.47,79.91,Mccormick-Martinez,170,2022-04-12
220,Seamless encompassing emulation Shoes,Fashion,Shoes,187.03,127.14,"Valdez, Jefferson and Dean",71,2022-03-03
221,Front-line attitude-oriented open system Bags,Fashion,Bags,136.79,87.79,Cummings-Blair,408,2022-01-25
222,Exclusive didactic project Men Clothing,Fashion,Men Clothing,275.2,152.37,"Smith, Torres and Barry",8,2022-10-17
223,Polarized real-time parallelism Men Clothing,Fashion,Men Clothing,288.54,190.99,Griffith PLC,167,2022-10-03
224,Seamless needs-based system engine Shoes,Fashion,Shoes,178.82,105.56,Salazar and Sons,376,2022-02-08
225,Fully-configurable solution-oriented moratorium Men Clothing,Fashion,Men Clothing,292.65,185.59,"Walker, Parker and Frederick",272,2022-03-23
226,Ergonomic stable encryption Men Clothing,Fashion,Men Clothing,178.57,96.52,Mcdaniel and Sons,332,2022-04-08
227,Object-based optimizing infrastructure Bags,Fashion,Bags,248.06,133.88,Green-Brown,455,2022-03-19
228,Fully-configurable tertiary paradigm Shoes,Fashion,Shoes,35.81,21.28,"Harper, Myers and Watson",173,2022-08-21
229,Vision-oriented human-resource array Bags,Fashion,Bags,268.48,139.73,"Graham, Wright and Ho",150,2022-01-04
230,Profound intermediate utilization Bags,Fashion,Bags,20.38,9.53,Nelson-Bell,218,2022-03-19
231,Compatible bi-directional leverage Women Clothing,Fashion,Women Clothing,181.55,114.44,Camacho-Webb,272,2022-08-23
232,De-engineered optimal circuit Women Clothing,Fashion,Women Clothing,234.43,134.17,"Miller, Morris and Brooks",181,2022-10-23
233,Progressive explicit Internet solution Women Clothing,Fashion,Women Clothing,235.3,108.67,Coleman-Chen,92,2022-02-21
234,Assimilated bandwidth-monitored customer loyalty Men Clothing,Fashion,Men Clothing,237.15,133.28,Mcneil LLC,488,2022-02-05
235,Triple-buffered analyzing circuit Shoes,Fashion,Shoes,279.61,167.05,"Gibson, Smith and Romero",103,2022-06-05
236,User-friendly context-sensitive moderator Bags,Fashion,Bags,297.44,139.77,"Stanton, Martin and Hopkins",470,2022-04-22
237,Vision-oriented didactic alliance Men Clothing,Fashion,Men Clothing,54.13,36.25,"Anderson, Bernard and Galloway",225,2022-03-05
238,Organized national Internet solution Men Clothing,Fashion,Men Clothing,141.53,88.2,Ramirez Inc,378,2022-04-17
239,Expanded intangible monitoring Men Clothing,Fashion,Men Clothing,142.34,73.98,Anderson-Russell,105,2022-07-14
240,Right-sized holistic success Men Clothing,Fashion,Men Clothing,41.46,18.76,Murphy Group,467,2022-10-24
241,Adaptive holistic instruction set Men Clothing,Fashion,Men Clothing,61.42,28.43,"Collins, Andersen and Johnson",481,2022-09-08
242,Diverse executive functionalities Shoes,Fashion,Shoes,228.66,113.2,Lane-Richards,97,2022-04-18
243,Automated coherent paradigm Shoes,Fashion,Shoes,151.22,83.57,"Flynn, Hines and Murray",483,2022-08-22
244,Multi-lateral logistical ability Men Clothing,Fashion,Men Clothing,123.31,64.86,Ramirez-Howe,492,2022-02-21
245,Multi-channeled intangible website Shoes,Fashion,Shoes,284.53,185.22,"Warner, Horton and Thomas",222,2022-11-30
246,Public-key exuding standardization Women Clothing,Fashion,Women Clothing,299.92,127.57,Wallace-Jensen,329,2022-07-19
247,Front-line web-enabled policy Men Clothing,Fashion,Men Clothing,286.12,138.03,Jackson and Sons,331,2022-06-15
248,Total impactful core Women Clothing,Fashion,Women Clothing,256.51,116.25,Valdez-Adams,4,2022-03-07
249,Open-source systemic firmware Women Clothing,Fashion,Women Clothing,54.96,29.73,Barker-Beard,19,2022-02-01
250,Fundamental transitional workforce Women Clothing,Fashion,Women Clothing,261.91,156.7,"Garcia, Goodman and Hughes",190,2022-11-13
251,Optional local array Women Clothing,Fashion,Women Clothing,134.48,60.84,"Edwards, Sherman and Stevenson",265,2022-03-19
252,Synergistic 5thgeneration open architecture Shoes,Fashion,Shoes,265.54,114.93,"Stuart, Pham and Matthews",83,2022-01-16
253,Focused object-oriented challenge Women Clothing,Fashion,Women Clothing,102.23,60.07,Waller-Mccormick,465,2022-05-16
254,Automated neutral structure Shoes,Fashion,Shoes,23.12,9.43,Fry-Wolfe,14,2022-08-29
255,Customer-focused 24hour budgetary management Women Clothing,Fashion,Women Clothing,275.37,113.99,Parker-Wise,193,2022-11-03
256,Team-oriented context-sensitive leverage Women Clothing,Fashion,Women Clothing,60.08,24.3,"Acosta, Wright and Spencer",459,2022-04-25
257,Multi-channeled needs-based pricing structure Bags,Fashion,Bags,296.63,128.66,Gonzalez PLC,243,2022-08-26
258,Right-sized fault-tolerant attitude Bags,Fashion,Bags,53.31,30.97,"Hall, Chan and Williams",326,2022-01-01
259,User-centric mission-critical complexity Bags,Fashion,Bags,148.8,99.82,"Rodriguez, Ayers and Thomas",65,2022-06-15
260,Adaptive needs-based database Shoes,Fashion,Shoes,287.72,172.78,Martin-Bond,49,2022-09-02
261,Persevering maximized strategy Women Clothing,Fashion,Women Clothing,50.86,28.2,Zimmerman Inc,412,2022-03-15
262,Cloned systematic groupware Men Clothing,Fashion,Men Clothing,226.81,139.53,Wright Inc,144,2022-11-11
263,Multi-tiered executive software Women Clothing,Fashion,Women Clothing,79.47,36.19,Pitts-Long,337,2022-06-04
264,Cross-group fresh-thinking monitoring Bags,Fashion,Bags,205.48,114.24,Jones-Dorsey,295,2022-05-17
265,Synergistic optimizing paradigm Shoes,Fashion,Shoes,135.28,80.95,"Adams, Simon and Arnold",296,2022-01-18
266,Devolved client-driven matrix Men Clothing,Fashion,Men Clothing,241.35,167.46,Santana Inc,7,2022-03-15
267,De-engineered value-added flexibility Men Clothing,Fashion,Men Clothing,253.08,119.29,"Ramirez, Walker and Owens",203,2022-06-15
268,Networked motivating benchmark Bags,Fashion,Bags,152.9,76.93,"Ferguson, Jones and Campbell",321,2022-10-23
269,Balanced client-server forecast Bags,Fashion,Bags,297.92,159.67,Smith-Hunter,134,2022-10-07
270,Seamless user-facing definition Men Clothing,Fashion,Men Clothing,227.31,135.62,Moore-Riggs,263,2022-06-22
271,Virtual cohesive open system Women Clothing,Fashion,Women Clothing,87.76,56.35,Lucas Inc,249,2022-10-09
272,Optional secondary strategy Men Clothing,Fashion,Men Clothing,205.38,103.25,"Miller, Hernandez and Green",265,2022-05-15
273,Cross-platform multi-tasking Graphic Interface Shoes,Fashion,Shoes,136.56,55.67,"Griffin, Smith and Moran",278,2022-03-06
274,Customizable well-modulated support Women Clothing,Fashion,Women Clothing,292.9,190.1,Brown Inc,61,2022-10-09
275,Open-architected 4thgeneration encryption Women Clothing,Fashion,Women Clothing,263.89,129.86,"Graham, Bates and Lee",223,2022-10-11
276,Programmable next generation extranet Kitchen,Home & Living,Kitchen,330.1,225.25,Wilkerson and Sons,261,2022-04-10
277,Integrated needs-based structure Kitchen,Home & Living,Kitchen,625.21,287.35,Thompson-Mooney,381,2022-07-01
278,Operative grid-enabled protocol Kitchen,Home & Living,Kitchen,459.05,256.69,"Barr, Wood and Parks",24,2022-09-30
279,Diverse multi-tasking data-warehouse Kitchen,Home & Living,Kitchen,561.08,392.28,Brown-Patrick,85,2022-07-11
280,Organized non-volatile challenge Furniture,Home & Living,Furniture,550.71,325.18,Caldwell PLC,439,2022-11-13
281,Customer-focused human-resource synergy Kitchen,Home & Living,Kitchen,441.84,303.34,Thomas-Jackson,217,2022-04-14
282,Centralized empowering artificial intelligence Furniture,Home & Living,Furniture,768.06,525.87,Moore PLC,151,2022-07-19
283,Enhanced fault-tolerant help-desk Bedding,Home & Living,Bedding,717.12,387.53,Cohen and Sons,69,2022-06-03
284,Up-sized tertiary superstructure Furniture,Home & Living,Furniture,216.04,122.44,"Winters, Parrish and Reynolds",159,2022-04-17
285,Synchronized methodical forecast Furniture,Home & Living,Furniture,66.19,34.62,Eaton-Moore,73,2022-09-04
286,Optional scalable instruction set Kitchen,Home & Living,Kitchen,325.17,145.62,Silva LLC,214,2022-07-20
287,Enhanced motivating software Kitchen,Home & Living,Kitchen,213.89,108.04,Thomas-Rose,115,2022-05-22
288,Expanded high-level groupware Bedding,Home & Living,Bedding,116.31,72.33,Mahoney LLC,483,2022-12-11
289,Multi-layered reciprocal solution Kitchen,Home & Living,Kitchen,365.84,220.12,"Strickland, Long and Williams",389,2022-06-17
290,Reverse-engineered tertiary Local Area Network Furniture,Home & Living,Furniture,426.08,237.44,Villarreal-Bowman,395,2022-11-18
291,Reverse-engineered didactic product Bedding,Home & Living,Bedding,201.1,106.88,"Cooper, Acosta and Patterson",420,2022-03-05
292,Robust regional moderator Bedding,Home & Living,Bedding,139.87,92.88,"Webb, Chambers and Sanchez",386,2022-06-24
293,Innovative interactive conglomeration Furniture,Home & Living,Furniture,317.57,211.93,"Ruiz, Lee and Griffin",57,2022-11-17
294,Programmable full-range hub Bedding,Home & Living,Bedding,476.28,315.71,Waters Group,354,2022-09-07
295,Streamlined executive solution Kitchen,Home & Living,Kitchen,427.81,182.49,Mcdonald-Howell,374,2022-11-05
296,Synchronized intangible knowledgebase Decor,Home & Living,Decor,208.21,136.38,"Savage, Carrillo and Mcmillan",253,2022-12-26
297,Organized client-server open architecture Bedding,Home & Living,Bedding,64.19,27.7,"Herring, Bell and Acosta",394,2022-05-24
298,Upgradable systemic moratorium Decor,Home & Living,Decor,519.41,259.0,"Cardenas, Leblanc and Barnes",341,2022-05-09
299,Ergonomic interactive Internet solution Furniture,Home & Living,Furniture,30.08,18.47,Tucker-Berger,248,2022-05-05
300,Mandatory regional archive Bedding,Home & Living,Bedding,192.68,102.15,Bolton Group,136,2022-02-23
301,Programmable even-keeled synergy Bedding,Home & Living,Bedding,493.17,326.04,"Miller, Hall and Gray",341,2022-07-15
302,Universal high-level conglomeration Furniture,Home & Living,Furniture,480.47,306.58,West-Campbell,488,2022-02-20
303,Total static infrastructure Furniture,Home & Living,Furniture,111.63,70.24,Deleon Ltd,184,2022-10-25
304,Extended value-added approach Bedding,Home & Living,Bedding,655.92,403.71,Kane-Smith,20,2022-06-27
305,Secured zero administration groupware Bedding,Home & Living,Bedding,684.74,391.67,"Powell, Morales and Brown",267,2022-01-20
306,Vision-oriented intangible complexity Bedding,Home & Living,Bedding,541.87,220.92,Petersen-Mcdonald,290,2022-04-03
307,Customizable optimizing access Decor,Home & Living,Decor,97.07,65.64,Adams LLC,410,2022-01-15
308,Stand-alone leadingedge application Decor,Home & Living,Decor,299.7,181.29,Medina-Smith,180,2022-05-08
309,Progressive zero-defect attitude Bedding,Home & Living,Bedding,631.29,313.97,"Mccoy, Wilson and House",357,2022-11-22
310,Innovative fault-tolerant task-force Kitchen,Home & Living,Kitchen,183.32,115.72,Burgess-Hester,280,2022-11-28
311,Multi-tiered web-enabled Local Area Network Bedding,Home & Living,Bedding,607.59,385.39,Davis-Terrell,88,2022-09-13
312,Object-based even-keeled groupware Decor,Home & Living,Decor,294.41,165.3,Hobbs-Jones,412,2022-04-27
313,Centralized dynamic implementation Decor,Home & Living,Decor,99.01,61.05,"Wells, Kemp and Johnson",327,2022-07-27
314,Mandatory zero-defect leverage Bedding,Home & Living,Bedding,518.79,325.27,Burton-Anderson,103,2022-05-16
315,Inverse empowering framework Decor,Home & Living,Decor,282.86,150.29,"Davies, Mcintyre and Moss",185,2022-03-23
316,Extended client-server process improvement Decor,Home & Living,Decor,32.42,14.81,Downs and Sons,158,2022-09-17
317,Front-line asymmetric emulation Decor,Home & Living,Decor,610.28,342.66,"Walker, Williams and Coleman",203,2022-11-13
318,Compatible actuating task-force Kitchen,Home & Living,Kitchen,92.82,56.95,Carr PLC,468,2022-12-06
319,Secured didactic moratorium Decor,Home & Living,Decor,133.7,67.12,Mccann and Sons,181,2022-07-23
320,Assimilated bifurcated orchestration Bedding,Home & Living,Bedding,100.83,69.25,"Craig, Hayes and Barnett",417,2022-05-31
321,Reactive systemic concept Furniture,Home & Living,Furniture,272.59,127.42,"Gill, Browning and Taylor",422,2022-01-21
322,Optional web-enabled support Kitchen,Home & Living,Kitchen,540.67,260.68,Jensen-Brooks,253,2022-04-25
323,Managed 4thgeneration algorithm Kitchen,Home & Living,Kitchen,702.61,373.86,Buck PLC,415,2022-04-21
324,Seamless holistic emulation Furniture,Home & Living,Furniture,251.5,173.38,"Cook, Kelly and Morgan",439,2022-11-10
325,Monitored real-time function Bedding,Home & Living,Bedding,343.33,194.11,Boyd Group,290,2022-04-09
326,Ameliorated zero tolerance success Kitchen,Home & Living,Kitchen,681.37,391.29,"Taylor, Hernandez and Williams",321,2022-10-22
327,Down-sized fresh-thinking contingency Decor,Home & Living,Decor,571.26,396.78,Clark and Sons,411,2022-05-15
328,Ameliorated next generation installation Decor,Home & Living,Decor,304.32,206.22,"Smith, Hall and Brown",120,2022-06-13
329,Fully-configurable radical superstructure Decor,Home & Living,Decor,80.09,48.69,"Collins, Mullins and Rodriguez",164,2022-12-26
330,Seamless eco-centric conglomeration Kitchen,Home & Living,Kitchen,95.36,64.39,Walters and Sons,259,2022-12-29
331,Ergonomic mobile infrastructure Decor,Home & Living,Decor,101.75,65.92,Ramos Ltd,116,2022-06-28
332,Pre-emptive methodical knowledge user Kitchen,Home & Living,Kitchen,382.92,219.14,Gonzalez-Petersen,27,2022-08-24
333,Devolved 5thgeneration utilization Bedding,Home & Living,Bedding,407.76,216.46,Johnson LLC,488,2022-03-29
334,Object-based reciprocal superstructure Bedding,Home & Living,Bedding,456.02,190.28,Salinas-Cook,177,2022-09-02
335,Implemented zero administration data-warehouse Furniture,Home & Living,Furniture,551.97,231.62,Knight PLC,368,2022-05-22
336,Optional logistical model Decor,Home & Living,Decor,758.93,469.27,Alexander Ltd,365,2022-11-03
337,Seamless human-resource capability Bedding,Home & Living,Bedding,569.29,388.73,Baker and Sons,202,2022-04-21
338,Polarized mobile application Decor,Home & Living,Decor,439.95,265.03,Shannon-Roy,169,2022-04-30
339,Switchable static time-frame Bedding,Home & Living,Bedding,132.5,74.45,Ward-Booker,348,2022-10-28
340,Assimilated global standardization Furniture,Home & Living,Furniture,777.29,323.27,"Miller, Brown and White",386,2022-07-03
341,Multi-lateral foreground synergy Furniture,Home & Living,Furniture,624.2,262.98,Harris-Hughes,32,2022-09-29
342,Versatile motivating protocol Kitchen,Home & Living,Kitchen,591.39,280.7,Johnson PLC,307,2022-04-02
343,Ameliorated 5thgeneration structure Furniture,Home & Living,Furniture,526.54,288.8,Black LLC,61,2022-06-19
344,Monitored interactive task-force Furniture,Home & Living,Furniture,757.99,433.72,"Bell, Blanchard and Palmer",485,2022-12-17
345,Synergistic disintermediate software Bedding,Home & Living,Bedding,317.41,172.14,Jones LLC,433,2022-06-25
346,Front-line 6thgeneration utilization Furniture,Home & Living,Furniture,262.73,119.08,"Wilson, Valenzuela and Russell",220,2022-05-10
347,Front-line optimal intranet Furniture,Home & Living,Furniture,163.96,85.33,"Mclaughlin, Rodriguez and Miles",116,2022-06-29
348,De-engineered dedicated productivity Furniture,Home & Living,Furniture,284.98,178.27,"Boyd, Bush and Jones",268,2022-05-12
349,Expanded methodical challenge Furniture,Home & Living,Furniture,785.97,328.33,"Ray, Jones and Evans",191,2022-02-18
350,Enhanced 5thgeneration contingency Furniture,Home & Living,Furniture,771.61,431.13,Adams-Davis,2,2022-06-17
351,Future-proofed multi-tasking Graphical User Interface Haircare,Beauty,Haircare,13.87,9.31,Allen LLC,288,2022-07-11
352,Centralized national standardization Makeup,Beauty,Makeup,36.39,21.33,"Rogers, Salinas and Schneider",93,2022-10-02
353,Pre-emptive fault-tolerant website Haircare,Beauty,Haircare,23.58,14.26,Espinoza and Sons,79,2022-11-04
354,De-engineered actuating help-desk Makeup,Beauty,Makeup,134.8,82.49,Galvan-Wall,450,2022-04-01
355,De-engineered bottom-line interface Makeup,Beauty,Makeup,124.01,66.16,Little-Montgomery,318,2022-01-20
356,Assimilated non-volatile protocol Skincare,Beauty,Skincare,123.01,60.71,Patterson Ltd,149,2022-02-25
357,Enhanced upward-trending groupware Makeup,Beauty,Makeup,92.61,41.69,"Watson, Edwards and Stokes",51,2022-09-12
358,Reactive modular challenge Makeup,Beauty,Makeup,149.63,101.15,Alvarado PLC,480,2022-08-21
359,Advanced leadingedge superstructure Fragrance,Beauty,Fragrance,119.77,81.83,"Stewart, Scott and Holland",342,2022-10-11
360,Innovative leadingedge synergy Haircare,Beauty,Haircare,44.47,19.67,"Murphy, Oneill and Graves",491,2022-09-09
361,User-centric system-worthy application Fragrance,Beauty,Fragrance,15.82,6.61,Nelson-Pugh,471,2022-09-03
362,Grass-roots multi-tasking array Skincare,Beauty,Skincare,128.69,54.99,"Waller, Lawrence and Fuller",335,2022-06-14
363,Optimized incremental system engine Fragrance,Beauty,Fragrance,115.97,68.77,Combs Ltd,144,2022-06-14
364,Expanded contextually-based product Fragrance,Beauty,Fragrance,116.89,57.03,Sweeney LLC,320,2022-08-07
365,Balanced object-oriented attitude Fragrance,Beauty,Fragrance,62.79,34.35,"Snow, Mason and Nelson",251,2022-02-23
366,Enterprise-wide bottom-line superstructure Fragrance,Beauty,Fragrance,95.35,46.89,Booker-Copeland,402,2022-05-28
367,Triple-buffered system-worthy workforce Skincare,Beauty,Skincare,36.33,15.5,"Medina, Davis and Gallegos",456,2022-10-28
368,Advanced 6thgeneration throughput Makeup,Beauty,Makeup,99.73,62.01,Stephens Ltd,273,2022-01-15
369,Universal empowering data-warehouse Haircare,Beauty,Haircare,63.89,32.3,"Barrett, Hampton and Thomas",275,2022-01-27
370,Switchable reciprocal middleware Makeup,Beauty,Makeup,81.22,49.08,Wilson-Webster,22,2022-04-20
371,Persistent leadingedge paradigm Fragrance,Beauty,Fragrance,143.0,95.48,Wilkins LLC,364,2022-06-13
372,Devolved neutral instruction set Makeup,Beauty,Makeup,79.34,45.33,Fletcher LLC,313,2022-01-08
373,Public-key exuding monitoring Fragrance,Beauty,Fragrance,38.84,23.57,Boyer-Meyer,473,2022-05-29
374,Face-to-face stable open architecture Makeup,Beauty,Makeup,102.34,69.04,Thompson LLC,169,2022-04-01
375,Switchable background customer loyalty Makeup,Beauty,Makeup,62.05,40.42,Hill-Davis,22,2022-03-21
376,Open-source incremental Local Area Network Makeup,Beauty,Makeup,97.05,46.34,Reed Inc,472,2022-08-05
377,Realigned full-range application Haircare,Beauty,Haircare,38.68,25.67,Tate-Welch,377,2022-05-20
378,Advanced clear-thinking matrix Skincare,Beauty,Skincare,68.22,35.75,"Chapman, Garcia and Petersen",142,2022-04-08
379,Persistent systemic forecast Haircare,Beauty,Haircare,94.02,55.28,Brown-Bradford,202,2022-01-22
380,Intuitive radical hardware Makeup,Beauty,Makeup,102.81,48.0,Johnson Ltd,326,2022-02-28
381,Re-engineered directional orchestration Makeup,Beauty,Makeup,136.31,74.5,"Hoffman, Curry and Nelson",93,2022-10-02
382,Phased directional groupware Makeup,Beauty,Makeup,142.09,67.77,"Reid, Wilson and Jackson",348,2022-12-22
383,Total stable structure Haircare,Beauty,Haircare,85.08,41.3,Sparks LLC,291,2022-05-14
384,Function-based fresh-thinking task-force Skincare,Beauty,Skincare,65.29,43.46,Harris-Obrien,103,2022-02-14
385,Realigned interactive definition Fragrance,Beauty,Fragrance,38.11,21.17,Hendricks-Colon,18,2022-08-29
386,Multi-lateral well-modulated challenge Skincare,Beauty,Skincare,25.6,10.53,Harris Ltd,198,2022-04-05
387,De-engineered contextually-based architecture Skincare,Beauty,Skincare,43.85,25.63,Martinez LLC,224,2022-03-15
388,Exclusive real-time core Skincare,Beauty,Skincare,102.8,56.65,"Allen, Lang and Warner",498,2022-04-07
389,Multi-tiered web-enabled monitoring Haircare,Beauty,Haircare,16.13,6.52,Griffin LLC,78,2022-06-24
390,Face-to-face homogeneous hub Makeup,Beauty,Makeup,59.02,27.16,Herrera-Clark,329,2022-01-29
391,Optional optimal process improvement Fragrance,Beauty,Fragrance,31.43,15.32,Coleman-Nolan,32,2022-04-26
392,Monitored grid-enabled productivity Makeup,Beauty,Makeup,57.02,35.14,Hardy Group,12,2022-08-14
393,Organized asynchronous function Makeup,Beauty,Makeup,94.23,45.83,"Phillips, Ellis and Jackson",82,2022-03-15
394,Total motivating methodology Haircare,Beauty,Haircare,17.94,10.86,"Baker, Jones and Cummings",209,2022-09-23
395,Realigned needs-based core Skincare,Beauty,Skincare,96.6,43.56,Ramirez Group,477,2022-06-14
396,Front-line 6thgeneration analyzer Skincare,Beauty,Skincare,30.09,12.97,Cunningham PLC,119,2022-01-04
397,Mandatory responsive artificial intelligence Skincare,Beauty,Skincare,88.78,57.18,Medina and Sons,393,2022-10-18
398,Monitored content-based Internet solution Makeup,Beauty,Makeup,116.7,47.91,"Adams, Lee and Poole",279,2022-02-07
399,De-engineered value-added website Fragrance,Beauty,Fragrance,141.21,83.8,"Soto, Dean and White",144,2022-12-18
400,Business-focused maximized moratorium Fragrance,Beauty,Fragrance,72.95,45.55,Chandler-Flores,349,2022-09-09
401,Integrated even-keeled function Haircare,Beauty,Haircare,58.32,40.61,"Smith, Lucas and Bryant",232,2022-09-03
402,Persistent real-time time-frame Fragrance,Beauty,Fragrance,85.1,43.23,Nelson-Morgan,73,2022-05-27
403,Up-sized coherent array Makeup,Beauty,Makeup,144.83,74.81,Marshall PLC,131,2022-03-24
404,Customer-focused intermediate structure Skincare,Beauty,Skincare,70.44,34.51,Henson Ltd,21,2022-08-24
405,Vision-oriented interactive product Makeup,Beauty,Makeup,148.25,64.86,Martinez Ltd,320,2022-06-30
406,Phased client-driven matrix Fragrance,Beauty,Fragrance,68.96,36.23,Morgan LLC,375,2022-08-20
407,Compatible uniform capability Fragrance,Beauty,Fragrance,74.89,37.55,Martinez-Rivas,340,2022-07-24
408,Realigned 6thgeneration core Makeup,Beauty,Makeup,44.44,27.28,Pineda and Sons,291,2022-04-10
409,Phased reciprocal architecture Haircare,Beauty,Haircare,136.05,76.8,"Reyes, Caldwell and Norton",391,2022-07-29
410,Open-architected grid-enabled hardware Haircare,Beauty,Haircare,39.89,17.65,Lyons-Moreno,55,2022-10-05
411,Distributed value-added superstructure Fragrance,Beauty,Fragrance,52.04,33.82,"Strickland, Velez and Fleming",396,2022-11-16
412,Implemented 24/7 project Skincare,Beauty,Skincare,37.92,19.01,Koch-Garza,455,2022-03-22
413,Synergized intermediate throughput Fragrance,Beauty,Fragrance,35.24,18.78,"Carter, Savage and Thompson",355,2022-04-16
414,Visionary system-worthy frame Makeup,Beauty,Makeup,48.26,30.1,"Gilmore, Washington and Newman",288,2022-03-21
415,Public-key eco-centric alliance Fragrance,Beauty,Fragrance,90.51,57.95,Rasmussen-Bowman,77,2022-07-30
416,Secured contextually-based model Fragrance,Beauty,Fragrance,44.4,27.6,Patton-Johnson,390,2022-09-07
417,Phased impactful analyzer Skincare,Beauty,Skincare,104.67,66.58,Reed-Perry,43,2022-01-11
418,Multi-layered value-added matrix Skincare,Beauty,Skincare,56.41,24.09,Garcia-Cuevas,476,2022-07-02
419,Face-to-face dynamic implementation Makeup,Beauty,Makeup,144.11,70.94,White-Zavala,33,2022-07-05
420,Intuitive uniform structure Haircare,Beauty,Haircare,91.68,59.45,Rice PLC,243,2022-06-23
421,Cross-platform foreground definition Haircare,Beauty,Haircare,52.45,33.6,Gonzalez-Jennings,81,2022-03-19
422,De-engineered human-resource customer loyalty Fragrance,Beauty,Fragrance,26.58,17.89,"Turner, Sanchez and Mendez",209,2022-03-23
423,Polarized full-range matrices Fragrance,Beauty,Fragrance,107.98,52.3,"Cooper, Taylor and Tran",434,2022-05-08
424,Focused optimal instruction set Makeup,Beauty,Makeup,137.29,58.91,Davis-Walsh,20,2022-03-11
425,Synchronized exuding flexibility Fragrance,Beauty,Fragrance,63.11,28.47,"Pham, Jackson and King",10,2022-10-28
426,Robust asymmetric task-force Equipment,Sports,Equipment,300.75,136.71,Kramer PLC,457,2022-01-11
427,Robust discrete matrix Activewear,Sports,Activewear,445.09,309.94,Mckee Group,453,2022-07-09
428,Open-source transitional matrices Outdoor,Sports,Outdoor,84.77,41.54,Wise Group,201,2022-03-18
429,Cross-group high-level challenge Outdoor,Sports,Outdoor,481.56,238.95,Peck LLC,364,2022-02-12
430,Digitized grid-enabled knowledge user Equipment,Sports,Equipment,27.66,18.46,Howell Group,213,2022-03-28
431,Horizontal composite hierarchy Activewear,Sports,Activewear,112.17,54.3,"Schmidt, Townsend and Nielsen",266,2022-01-13
432,Ameliorated holistic info-mediaries Activewear,Sports,Activewear,454.79,189.01,"French, Jones and Flynn",122,2022-12-25
433,Compatible 24/7 projection Activewear,Sports,Activewear,235.49,124.78,"Marsh, Rodriguez and Flores",20,2022-05-20
434,Team-oriented disintermediate Internet solution Equipment,Sports,Equipment,336.52,168.22,Webb-Miller,16,2022-03-08
435,Centralized cohesive emulation Fitness,Sports,Fitness,372.63,151.2,"Diaz, Tyler and Klein",194,2022-04-13
436,Grass-roots value-added database Equipment,Sports,Equipment,206.43,125.63,Park-Warren,138,2022-12-23
437,Grass-roots scalable open architecture Activewear,Sports,Activewear,196.06,108.57,Brown and Sons,401,2022-08-06
438,Ergonomic exuding success Activewear,Sports,Activewear,83.52,42.08,"Gibson, Barnes and Joseph",133,2022-10-10
439,Innovative responsive customer loyalty Equipment,Sports,Equipment,155.19,65.95,Wolfe and Sons,230,2022-12-10
440,Pre-emptive zero tolerance concept Activewear,Sports,Activewear,433.51,289.91,Robinson and Sons,11,2022-03-07
441,Visionary reciprocal frame Outdoor,Sports,Outdoor,55.72,28.53,"Rhodes, Johnson and Harris",78,2022-10-20
442,Secured well-modulated process improvement Fitness,Sports,Fitness,434.57,175.09,Barnes Inc,6,2022-06-24
443,Virtual discrete software Fitness,Sports,Fitness,95.0,55.84,"Wilson, Vega and Bowers",446,2022-08-24
444,Down-sized holistic access Activewear,Sports,Activewear,397.34,171.55,Mitchell Ltd,62,2022-01-29
445,Virtual methodical service-desk Outdoor,Sports,Outdoor,460.64,312.3,Gordon and Sons,95,2022-02-16
446,Open-architected client-driven service-desk Fitness,Sports,Fitness,227.83,137.99,Murphy Inc,107,2022-01-26
447,Optimized regional migration Equipment,Sports,Equipment,173.79,97.11,Perez LLC,243,2022-04-12
448,User-centric fresh-thinking challenge Outdoor,Sports,Outdoor,245.22,151.91,Griffin-Smith,303,2022-02-01
449,Distributed neutral budgetary management Outdoor,Sports,Outdoor,263.64,111.75,"Huffman, Baker and Collins",498,2022-04-12
450,Virtual bi-directional structure Outdoor,Sports,Outdoor,441.52,252.83,"Woods, House and Adams",96,2022-12-25
451,Switchable leadingedge website Fitness,Sports,Fitness,110.34,72.23,Ellis-Murray,387,2022-04-27
452,Digitized logistical time-frame Equipment,Sports,Equipment,324.94,187.72,Baker-Johnson,307,2022-07-31
453,Stand-alone user-facing alliance Activewear,Sports,Activewear,124.76,59.3,Murphy and Sons,176,2022-05-04
454,Monitored explicit productivity Fitness,Sports,Fitness,334.32,230.83,Robbins LLC,128,2022-05-25
455,User-friendly optimizing architecture Fitness,Sports,Fitness,49.58,27.18,"Morales, Richard and Espinoza",462,2022-01-31
456,Assimilated transitional monitoring Equipment,Sports,Equipment,58.38,36.74,Welch-Carter,366,2022-08-17
457,Realigned human-resource challenge Fitness,Sports,Fitness,172.83,109.13,Patel-Miller,468,2022-07-05
458,Front-line foreground neural-net Fitness,Sports,Fitness,293.22,181.25,"Jackson, Lee and Deleon",163,2022-08-19
459,Fully-configurable local leverage Equipment,Sports,Equipment,197.81,96.94,"Johnson, Davis and Flores",250,2022-06-10
460,Stand-alone secondary array Outdoor,Sports,Outdoor,129.49,58.42,Peters-Mcdonald,353,2022-06-30
461,Grass-roots maximized throughput Equipment,Sports,Equipment,442.39,220.01,"Campbell, Mckenzie and Hill",407,2022-07-26
462,Reduced methodical function Equipment,Sports,Equipment,237.04,104.92,"Romero, Warner and Brown",384,2022-07-17
463,User-friendly even-keeled Graphic Interface Fitness,Sports,Fitness,439.21,279.55,"Hernandez, Jones and Jones",195,2022-11-20
464,Focused demand-driven hub Equipment,Sports,Equipment,195.54,103.7,Lopez-Wise,418,2022-12-05
465,Face-to-face background productivity Outdoor,Sports,Outdoor,304.61,138.65,"Hoffman, Murphy and Miller",48,2022-01-09
466,Self-enabling methodical project Equipment,Sports,Equipment,91.95,46.08,Wolfe-Richardson,11,2022-09-12
467,Multi-lateral multimedia Graphic Interface Outdoor,Sports,Outdoor,165.69,113.76,Johnson Inc,281,2022-05-23
468,Quality-focused value-added leverage Outdoor,Sports,Outdoor,253.54,156.46,"Frye, Cuevas and Leonard",221,2022-08-11
469,Managed regional workforce Equipment,Sports,Equipment,485.17,202.77,Robinson and Sons,492,2022-02-24
470,Horizontal zero administration installation Activewear,Sports,Activewear,358.89,209.0,Johnson LLC,72,2022-05-01
471,Innovative leadingedge infrastructure Equipment,Sports,Equipment,405.74,212.97,"Clark, Rojas and Knapp",6,2022-06-07
472,Total 5thgeneration ability Outdoor,Sports,Outdoor,182.52,90.02,Jackson PLC,316,2022-08-08
473,Ameliorated disintermediate orchestration Fitness,Sports,Fitness,307.58,171.9,West and Sons,174,2022-07-11
474,Visionary homogeneous policy Activewear,Sports,Activewear,291.36,157.93,"Myers, Lee and Nelson",9,2022-08-17
475,Integrated optimal hardware Equipment,Sports,Equipment,138.13,94.39,Murphy-Callahan,352,2022-04-30
476,Switchable zero administration monitoring Comics,Books,Comics,41.05,23.25,Webb LLC,295,2022-06-19
477,Reactive 24hour workforce Non-fiction,Books,Non-fiction,48.55,30.8,Orozco Group,293,2022-04-28
478,Enterprise-wide 6thgeneration capability Non-fiction,Books,Non-fiction,42.16,20.01,Casey-Robinson,288,2022-08-29
479,Multi-lateral coherent moratorium Educational,Books,Educational,29.46,12.63,Jenkins Inc,384,2022-03-17
480,Cross-platform directional benchmark Educational,Books,Educational,11.41,6.24,Garcia-Jones,308,2022-05-17
481,Total tertiary product Comics,Books,Comics,24.36,11.16,"Medina, Flores and Dixon",394,2022-05-22
482,Organic composite complexity Educational,Books,Educational,43.61,18.22,Heath PLC,126,2022-04-25
483,Operative needs-based application Fiction,Books,Fiction,21.74,14.08,Walter Inc,247,2022-10-15
484,Streamlined executive info-mediaries Educational,Books,Educational,48.18,26.28,Bradley Inc,160,2022-11-06
485,Quality-focused background Internet solution Non-fiction,Books,Non-fiction,42.61,25.3,"Rodriguez, Dyer and Flores",490,2022-11-02
486,Networked zero administration projection Fiction,Books,Fiction,20.42,8.54,"George, Marquez and Wright",453,2022-04-10
487,Customizable reciprocal policy Educational,Books,Educational,18.43,9.45,"Miller, Dawson and Dougherty",358,2022-01-06
488,Multi-channeled mission-critical toolset Educational,Books,Educational,16.58,8.1,Weber-Larson,14,2022-11-30
489,Distributed mission-critical orchestration Comics,Books,Comics,11.31,6.1,Chandler LLC,465,2022-03-17
490,Devolved composite superstructure Comics,Books,Comics,31.32,18.11,Wilson-Turner,388,2022-06-10
491,Enterprise-wide well-modulated flexibility Educational,Books,Educational,27.15,12.47,Hill Group,310,2022-08-21
492,Universal empowering hierarchy Non-fiction,Books,Non-fiction,32.63,16.21,Clarke and Sons,8,2022-03-05
493,Proactive composite conglomeration Educational,Books,Educational,31.21,15.94,"Villegas, Snyder and Jones",161,2022-07-12
494,Total intangible application Fiction,Books,Fiction,34.41,20.44,"Wilson, Martin and Copeland",202,2022-04-02
495,Compatible upward-trending approach Fiction,Books,Fiction,35.03,17.42,Bradford-Wood,387,2022-10-19
496,Open-source encompassing moderator Fiction,Books,Fiction,38.36,23.56,Martinez PLC,254,2022-02-02
497,Cross-group global circuit Non-fiction,Books,Non-fiction,14.37,8.0,Smith LLC,481,2023-01-01
498,Vision-oriented leadingedge artificial intelligence Fiction,Books,Fiction,39.7,27.46,"Ramirez, Christensen and Thompson",173,2022-02-11
499,Multi-channeled 24/7 methodology Educational,Books,Educational,39.54,21.66,Allison-Ryan,279,2022-02-01
500,Multi-layered disintermediate conglomeration Comics,Books,Comics,34.96,18.14,Bell-Jackson,79,2022-10-08
